Model,accuracy,roc_auc
LR,0.8862847222222222,0.42673325806909856
SVM,0.8897569444444444,0.799754768188649
MLP,0.8862847222222222,0.5765826049898692
